station_name,lat,lon
"32Bungalows, Bhilai - CECB",21.194815,81.31477
"AIIMS, Raipur - CECB",21.258815,81.578979
"Adarsh Nagar, Jaipur - RSPCB",26.902909,75.836858
"Airoli, Navi Mumbai - MPCB",19.1494,72.9986
"Alandi, Pune - IITM",18.675076,73.892743
"Alandur Bus Depot, Chennai - CPCB",12.9099161,80.1076538
"Alipur, Delhi - DPCC",28.815329,77.15301
"Ambazari, Nagpur - MPCB",21.121801,79.04952
"Anand Kala Kshetram, Rajamahendravaram - APPCB",16.9872867,81.7363176
"Anand Vihar, Delhi - DPCC",28.647622,77.315809
"Anand Vihar, Hapur - UPPCB",28.725645,77.749675
"Anthoni Pillai Nagar, Gummidipoondi - TNPCB",13.4127,80.1081
"Ardhali Bazar, Varanasi - UPPCB",25.3505986,82.9083074
"Arumbakkam, Chennai - TNPCB",13.0664,80.2112
"Arya Nagar, Bahadurgarh - HSPCB",28.6701,76.9254
"Asansol Court Area, Asansol - WBPCB",23.685297,86.945968
"Ashok Nagar, Udaipur - RSPCB",24.5886166,73.6321397
"Ashok Vihar, Delhi - DPCC",28.695381,77.181665
"Ashwini Nagar, Haveri - KSPCB",14.7918,75.3896
"Aya Nagar, Delhi - IMD",28.4706914,77.1099364
"B R Ambedkar University, Lucknow - UPPCB",26.766433,80.927299
"B.Katihalli, Hassan - KSPCB",13.008556,76.125258
"BTM Layout, Bengaluru - CPCB",12.9135218,77.5950804
"BWSSB Kadabesanahalli, Bengaluru - CPCB",12.9352049,77.6814488
"Ballygunge, Kolkata - WBPCB",22.5367507,88.3638022
"Bamboliya, Baran - RSPCB",25.106006,76.469948
"Bandhavgar Colony, Satna - Birla Cement",24.58434363,80.8549414
"Bandra Kurla Complex, Mumbai - IITM",19.053536,72.84643
"Bandra Kurla Complex, Mumbai - MPCB",19.065931,72.862131
"Bandra, Mumbai - MPCB",19.0627,72.84614
"Bapuji Nagar, Bengaluru - KSPCB",12.951913,77.539784
"Bardowali, Agartala - Tripura SPCB",23.8175497,91.2726974
"Barsua Iron Ore Mines, Tensa - OSPCB",21.869985,85.167016
"Bata Chowk, Nalbari - PCBA",26.446912,91.439057
"Bawana, Delhi - DPCC",28.7762,77.051074
"Belur Math, Howrah - WBPCB",22.629801,88.352017
"Bharathidasan University, Palkalaiperur - TNPCB",10.681158,78.741746
"Bhatagaon New ISBT, Raipur - CECB",21.219665,81.630094
"Bhayandar West, Mira-Bhayandar - MPCB",19.296481,72.840923
"Bhelupur, Varanasi - UPPCB",25.301778,82.996789
"Bhoiwada, Dungarpur - RSPCB",23.837789,73.714926
"Bhopal Chauraha, Dewas - MPPCB",22.9682591,76.064118
"Bhosari, Pune - IITM",18.640051,73.848956
"Bhumkar Nagar, Pune - IITM",18.60577,73.749976
"Bidhannagar, Kolkata - WBPCB",22.58157048,88.41002457
"Bolinj, Virar - MPCB",19.445821,72.7988231
"Bollaram Industrial Area, Hyderabad - TSPCB",17.540891,78.358528
"Bombay Castel, Ooty - TNPCB",11.4068288,76.7138973
"Borivali East, Mumbai - IITM",19.23241,72.86895
"Borivali East, Mumbai - MPCB",19.2243333,72.8658113
"Botanical Garden, Howrah - WBPCB",22.554954,88.292568
"Brahmagiri, Udupi - KSPCB",13.34194444,74.74694444
"Buddha Colony, Muzaffarpur - BSPCB",26.11442,85.39813
"Buddhi Vihar, Moradabad - UPPCB",28.83526,78.7446
"Burari Crossing, Delhi - IMD",28.7256504,77.2011573
"Byculla, Mumbai - BMC",18.9767,72.838
"CBD Belapur, Belapur - MPCB",19.0243902,73.0406721
"CDA Area, Cuttack - OSPCB",20.48891,85.84768
"CRRI Mathura Road, Delhi - IMD",28.5512005,77.2735737
"Central Academy for SFS, Byrnihat - PCBA",26.071318,91.87488
"Central University, Hyderabad - TSPCB",17.460103,78.334361
"Chakala-Andheri East, Mumbai - IITM",19.11074,72.86084
"Chalai Bazaar, Ramanathapuram - TNPCB",9.36399,78.831977
"Chandkheda, Ahmedabad - IITM",23.107969,72.574648
"Chandni Chowk, Delhi - IITM",28.656756,77.227234
"Charitra Van, Buxar - BSPCB (Formerly known as Central Jail)",25.56752,83.966379
"Chauhan Colony, Chandrapur - MPCB",19.9629,79.298714
"Chembur, Mumbai - MPCB",19.0364585,72.8954371
"Chhatrapati Shivaji Intl. Airport (T2), Mumbai - MPCB",19.10078,72.87462
"Chhoti Gwaltoli, Indore - MPPCB",22.431,75.5213
"Chikkaballapur Rural, Chikkaballapur - KSPCB",13.428828,77.731418
"Chitragupta Nagar, Siwan - BSPCB",26.2271665,84.3570427
"Christianpatty, Nagaon - PCBA",26.349082,92.68449
"City Center, Gwalior - MPPCB",26.203442,78.193251
"City Railway Station, Bengaluru - KSPCB",12.9756843,77.5660749
"Civic Center, Bhilai - Bhilai Steel Plant",21.185571,81.343175
"Civil Line, Jalandhar - PPCB",31.321907,75.578914
"Civil Lines, Ajmer - RSPCB",26.470859,74.646594
"Civil Lines, Bareilly - UPPCB",28.359581,79.414455
"Civil Lines, Sagar - MPPCB",23.838586,78.759431
"Colaba, Mumbai - MPCB",18.91,72.82
"Collector Office, Yadgir - KSPCB",16.7602,77.1428
"Collectorate Office, Virudhunagar - TNPCB",9.559382,77.948828
"Collectorate, Gaya - BSPCB",24.7955,84.9994
"Collectorate, Jodhpur - RSPCB",26.268249,73.0193853
"Corporation Ground, Thrissur - Kerala PCB",10.5324,76.2159
"Crescent University, Chengalpattu - TNPCB",12.8777316,80.0834807
"D M Colony, Bihar Sharif - BSPCB",25.204762,85.51496
"DM College of Science, Imphal - Manipur PCB",24.8207389,93.9423085
"DM Office_Kachari Chowk, Bhagalpur - BSPCB",25.251013,86.989001
"DM Office_Kasipur, Samastipur - BSPCB",25.859655,85.77944
"DRCC Anandpur, Begusarai - BSPCB",25.444266,86.140169
"DRM Office Danapur, Patna - BSPCB",25.586562,85.043586
"DTU, Delhi - CPCB",28.7500499,77.1112615
"Dabuna, Nayagarh - OSPCB",21.847279,85.416905
"Dada Peer, Sasaram - BSPCB",24.952822,84.002396
"Dangi Tola, Rajgir - BSPCB",25.0328,85.41948
"Darshan Nagar, Chhapra - BSPCB",25.7808257,84.7446768
"Deen Dayal Nagar, Gwalior - MPPCB",26.259242,78.216432
"Deen Dayal Nagar, Sagar - MPPCB",23.8640158,78.80289321
"Deonar, Mumbai - IITM",19.04946,72.923
"Deopur, Dhule - MPCB",20.918946,74.776388
"Deshpande Nagar, Hubballi - KSPCB",15.351773,75.140726
"Devaraj Urs Badavane, Davanagere - KSPCB",14.4758,75.9052
"Dhanmandi, Kota - RSPCB",25.16409,75.858137
"Dhoinda, Rajsamand - RSPCB",25.03636,73.883502
"Digari Kalan, Jodhpur - RSPCB",26.29581,73.082283
"Divisional Forest Office, Rairangpur - OSPCB",22.265816,86.174829
"Diwator Nagar, Koppal - KSPCB",15.34763,76.181767
"Dnyaneshwar Nagar, Solapur - MPCB",17.6336264,75.9132495
"Doon University, Dehradun - UKPCB",30.269444,78.044167
"Dr. Karni Singh Shooting Range, Delhi - DPCC",28.498571,77.26484
"Dwarka-Sector 8, Delhi - DPCC",28.5710274,77.0719006
"ECIL Kapra, Hyderabad - TSPCB",17.470431,78.566959
"Eco Herbal Park, Moradabad - UPPCB",28.840739,78.697531
"Employment Office, Moradabad - UPPCB",28.88528,78.7388
"Evelyn Lodge, Asansol - WBPCB",23.697936,86.944395
"F-Block, Sirsa - HSPCB",29.5364,75.0158
"FTI Kidwai Nagar, Kanpur - UPPCB",26.428282,80.327067
"Ferro Chrome Colony, Byasanagar - OSPCB",20.94185,86.1151
"Fertilizer Township, Rourkela - OSPCB",22.18972222,84.86277778
"Forest Office, Barbil - OSPCB",22.1166054,85.3945546
"Forest Rest House, Manguraha - BSPCB",27.308328,84.531742
"Fort William, Kolkata - WBPCB",22.55664,88.342674
"GIDC, Ankleshwar - GPCB",21.613267,73.010555
"GIDC, Nandesari - Nandesari Ind. Association",22.410802,73.097923
"GIFT City, Gandhinagar - IITM",23.163798,72.677768
"GM Office, Brajrajnagar - OSPCB",21.8004996,83.8396977
"GVM Corporation, Visakhapatnam - APPCB",17.72,83.3
"Gandak Colony, Motihari - BSPCB",26.63086,84.90051
"Gandhi Nagar_Ennore, Chennai - TNPCB",13.218341,80.32027
"Ganga Nagar, Meerut - UPPCB",28.999264,77.7590354
"Gangapur Road, Nashik - MPCB",20.0073285,73.7762427
"Gangineni Cheruvu, Chittoor - APPCB",13.20488,79.097889
"Gavalinagar, Pimpri Chinchwad - MPCB",18.63673,73.82487
"General Hospital, Mandikhera - HSPCB",27.9002,76.9938
"Ghatkopar, Mumbai - BMC",19.083694,72.920967
"Ghusuri, Howrah - WBPCB",22.611968,88.347422
"Girls College, Sivasagar - PCBA",26.987634,94.636574
"Gobind Pura, Yamuna Nagar - HSPCB",30.1480566,77.2893471
"Gokul Nagar, Bhiwandi - MPCB",19.309073,73.057223
"Golden Temple, Amritsar - PPCB",31.62,74.876512
"Gole Bazar, Katni - MPPCB",23.50016,80.23284
"Gomti Nagar, Lucknow - UPPCB",26.86812,81.005119
"Govindh Bhavan Colony, Jabalpur - JMC",23.163174,79.973061
"Govt. Girls Inter College, Kashipur - UKPCB",29.2124114,78.9611753
"Govt. High School Shikarpur, Patna - BSPCB",25.592539,85.227158
"Govt. Higher Secondary School, Milupara - CECB",22.1910172,83.5197009
"Gulzarpet, Anantapur - APPCB",14.675886,77.593027
"Gupteshwar, Jabalpur - JMC",23.142888,79.916147
"Gurdeo Nagar, Aurangabad - BSPCB",24.75746,84.366208
"Gyaspur, Ahmedabad - IITM",22.977134,72.553024
"H.B. Colony, Bhiwani - HSPCB",28.806223,76.141105
"HB Colony, Vijayawada - APPCB",16.536107,80.594233
"HIMUDA Complex Phase-1, Baddi - HPPCB",30.943887,76.801991
"Hadapsar, Pune - IITM",18.501793,73.927532
"Haji Colony, Raichur - KSPCB",16.208139,77.348417
"Hakimapada, Angul - OSPCB",20.832874,85.104082
"Hardev Nagar, Bathinda - PPCB",30.233011,74.907758
"Hathkhoj, Bhilai - CECB",21.224231,81.40835
"Hebbal 1st Stage, Mysuru - KSPCB",12.21041,76.37376
"Hebbal, Bengaluru - KSPCB",13.029152,77.585901
"Hirawadi, Nashik - MPCB",20.021503,73.813844
"Hombegowda Nagar, Bengaluru - KSPCB",12.938539,77.5901
"Housing Board, Hanumangarh - RSPCB",29.61075,74.283608
"Huda Sector, Fatehabad - HSPCB",29.503664,75.467934
"ICRISAT Patancheru, Hyderabad - TSPCB",17.5184,78.278777
"IDA Pashamylaram, Hyderabad - TSPCB",17.5316895,78.218939
"IESD Banaras Hindu University, Varanasi - UPPCB",25.262326,82.995408
"IGI Airport (T3), Delhi - IMD",28.5627763,77.1180053
"IGSC Planetarium Complex, Patna - BSPCB",25.610369,85.132568
"IHBAS, Dilshad Garden, Delhi - CPCB",28.6811736,77.3025234
"IIPHG Lekawada, Gandhinagar - IITM",23.243639,72.68994
"IITG, Guwahati - PCBA",26.2028636,91.70046436
"IITH Kandi, Hyderabad - TSPCB",17.585705,78.126199
"IITK, Kanpur - IITK",26.511739,80.235136
"ITO, Delhi - CPCB",28.628624,77.24106
"Ibrahimpur, Vijayapura - KSPCB",16.802639,75.722694
"Idgah Hills, Bhopal - MPPCB",23.264759,77.381568
"Indira Colony Vistar, Pali - RSPCB",25.771061,73.340227
"Indirapuram, Ghaziabad - UPPCB",28.646233,77.358075
"Indra Nagar, Jhunjhunu - RSPCB",28.108988,75.386577
"Industrial Area, Hajipur - BSPCB",25.697189,85.2459
"JN Stadium, Shillong - Meghalaya PCB",25.5803419,91.8942571
"Jadavpur, Kolkata - WBPCB",22.49929,88.36917
"Jagamohanpur, Keonjhar - OSPCB",21.6439,85.599355
"Jahangirpuri, Delhi - DPCC",28.73282,77.170633
"Jai Bhim Nagar, Meerut - UPPCB",28.9535882,77.7622941
"Jawahar Nagar, Puducherry - PPCC",11.9309,79.8027
"Jawaharlal Nehru Stadium, Delhi - DPCC",28.58028,77.233829
"Jayanagar 5th Block, Bengaluru - KSPCB",12.920984,77.584908
"Jhalamand, Jodhpur - RSPCB",26.215415,73.070156
"Jhunsi, Prayagraj - UPPCB",25.425602,81.917152
"Jigani, Bengaluru - KSPCB",12.7816279,77.6299145
"Jigar Colony, Moradabad - UPPCB",28.856664,78.772638
"KHB Colony, Karwar - KSPCB",14.816666,74.141003
"Kacheripady, Ernakulam - Kerala PCB",9.985653,76.281342
"Kadri, Mangalore - KSPCB",12.88925,74.853
"Kalabhavan, Dharwad - KSPCB",15.459706,75.008381
"Kalakusuma, Dhanbad - DMC",23.811548,86.481238
"Kalal Majra, Khanna - PPCB",30.736056,76.209694
"Kalidaspur, Balasore - OSPCB",21.51161,86.89088
"Kalindi Kunj, Khurja - UPPCB",28.2348927,77.8683002
"Kalyana Nagara, Chikkamagaluru - KSPCB",13.328028,75.797056
"Kamalnath Nagar, Bettiah - BSPCB",26.80365,84.51954
"Kamble Tarf Birwadi, Mahad - MPCB",18.1023399,73.4783687
"Kandivali East, Mumbai - MPCB",19.2058,72.8682
"Kandivali West, Mumbai - BMC",19.215859,72.831718
"Kanuru, Vijayawada - APPCB",16.486692,80.699436
"Kareemganj, Gaya - BSPCB",24.792403,84.992416
"Kariavattom, Thiruvananthapuram - Kerala PCB",8.5637,76.8865
"Karni Colony, Nagaur - RSPCB",27.213494,73.734444
"Karve Road, Pune - MPCB",18.5011743,73.8165527
"Kasarvadavali, Thane - MPCB",19.26777,72.97182
"Kashiram Nagar, Moradabad - UPPCB",28.849399,78.742362
"Kasturi Nagar, Bengaluru - KSPCB",13.003872,77.664217
"Katraj Dairy, Pune - MPCB",18.45445,73.854155
"Katrap, Badlapur - MPCB",19.16485,73.23409
"Keelapalur, Ariyalur - TNPCB",11.06825,79.07033
"Kendriya Vidyalaya, Lucknow - CPCB",26.906111,80.948222
"Khadakpada, Kalyan - MPCB",19.25292,73.142019
"Khaira, Boisar - MPCB",19.786089,72.757971
"Kharahiya Basti, Araria - BSPCB",26.146529,87.454184
"Khatikan Mohalla, Dausa - RSPCB",26.895552,76.334753
"Kherwadi_Bandra East, Mumbai - MPCB",19.0632143,72.8456324
"Khindipada-Bhandup West, Mumbai - IITM",19.1653323,72.922099
"Kilambi, Kanchipuram - TNPCB",12.864618,79.659968
"Knowledge Park - III, Greater Noida - UPPCB",28.47272,77.482
"Knowledge Park - V, Greater Noida - UPPCB",28.557054,77.453663
"Kodungaiyur, Chennai - TNPCB",13.1278,80.2642
"Kokapet, Hyderabad - TSPCB",17.393559,78.339194
"Kompally Municipal Office, Hyderabad - TSPCB",17.544899,78.486949
"Kopripada-Vashi, Navi Mumbai - MPCB",19.090337,73.014232
"Krishak Nagar, Raipur - CECB",21.237755,81.705301
"Krishna Nagar, Bharatpur - RSPCB",27.215415,77.50873
"Kudikadu, Cuddalore - TNPCB",11.6829898,79.7532099
"Kukrail Picnic Spot-1, Lucknow - UPPCB",26.90723,80.98579
"Kumaran College, Tirupur - TNPCB",11.0973603,77.3228673
"Kunjaban, Agartala - Tripura SPCB",23.8628276,91.2887362
"Kurla, Mumbai - MPCB",19.0863,72.8888
"LGBI Airport, Guwahati - PCBA",26.10887,91.589544
"Lajpat Nagar, Moradabad - UPPCB",28.825341,78.7213009
"Lal Bahadur Shastri Nagar, Kalaburagi - KSPCB",17.321993,76.822628
"Lalbagh, Lucknow - CPCB",26.8458805,80.9365541
"Lingaraj Nagar, Hubballi - KSPCB",15.3714823,75.1160168
"Lingraj Mandir, Bhubaneswar - OSPCB",20.24079,85.836784
"Lodhi Road, Delhi - IITM",28.588333,77.221667
"Lodhi Road, Delhi - IMD",28.5918245,77.2273074
"Loni, Ghaziabad - UPPCB",28.757294,77.278792
"Lumpyngngad, Shillong - Meghalaya PCB",25.5586,91.8985
"MD University, Rohtak - HSPCB",28.52123,76.37138
"MIDC Ambad, Nashik - MPCB",19.95022,73.73148
"MIDC Chilkalthana, Aurangabad - MPCB",19.87562,75.38731
"MIDC Khutala, Chandrapur - MPCB",19.9775302,79.2337086
"MIT-Daudpur Kothi, Muzaffarpur - BSPCB",26.1403345,85.3650192
"MIT-Kothrud, Pune - IITM",18.517754,73.8214883
"MM Ground, Bikaner - RSPCB",28.018792,73.292658
"Madan Mohan Malaviya University of Technology, Gorakhpur - UPPCB",26.730136,83.433859
"Maguda Nagar, Indore - IMC",22.7524,75.8872
"Mahabir Colliery, Asansol - WBPCB",23.618183,87.105718
"Mahakaleshwar Temple, Ujjain - MPPCB",23.182719,75.768218
"Mahal, Nagpur - MPCB",21.14472,79.107595
"Mahape, Navi Mumbai - MPCB",19.1135051,73.008978
"Maharaj Bada, Gwalior - MPPCB",26.200388,78.147714
"Mahatma Basaveswar Colony, Kalaburgi - KSPCB",17.336318,76.847397
"Mahesh Nagar, Malegaon - MPCB",20.555712,74.529236
"Major Dhyan Chand National Stadium, Delhi - DPCC",28.611281,77.237738
"Malad West, Mumbai - IITM",19.19709,72.82204
"Maldahiya, Varanasi - UPPCB",25.32393,82.99687
"Manali Village, Chennai - TNPCB",13.1662,80.2584
"Manali, Chennai - CPCB",13.164544,80.26285
"Mandir Marg, Delhi - DPCC",28.636429,77.201067
"Mandor, Jodhpur - RSPCB",26.358805,73.047444
"Mangala, Bilaspur - NTPC",22.08815,82.13737
"Maninagar, Ahmedabad - GPCB",23.002657,72.591912
"Manipur University, Imphal - Manipur PCB",24.7524239,93.9286218
"Manoharpur, Agra - UPPCB",27.23711,78.01936
"Mansarovar Sector-12, Jaipur - RSPCB",26.843698,75.766894
"Marhatal, Jabalpur - MPPCB",23.168606,79.932247
"Mariam Nagar, Purnia - BSPCB",25.366336,87.117468
"Masoom Colony, Parbhani - MPCB",19.265594,76.761463
"Mayaganj, Bhagalpur - BSPCB",25.265194,87.012947
"Mazgaon, Mumbai - IITM",18.96702,72.84214
"Meelavittan, Thoothukudi - TNPCB",8.816428,78.099039
"Meher Colony, Baripada - OSPCB",21.941841,86.728318
"Mendonsa Colony, Dindigul - TNPCB",10.358535,77.984321
"Mhada Colony, Pune - IITM",18.57304,73.927715
"Mindspace-Malad West, Mumbai - MPCB",19.1878657,72.8304069
"Mini Secretariat, Charkhi Dadri - HSPCB",28.593883,76.270653
"Mirchaibari, Katihar - BSPCB",25.560083,87.553265
"Model Town, Patiala - PPCB",30.349388,76.366642
"Mohalbani Ghat, Pathardih - DMC",23.66988,86.411725
"More Chowk Waluj, Aurangabad - MPCB",19.8389439,75.244448
"Moti Doongri, Alwar - RSPCB",27.554793,76.611536
"Motilal Nehru NIT, Prayagraj - UPPCB",25.494,81.863
"Mudtra Sili, Jalore - RSPCB",25.344694,72.626208
"Mulund West, Mumbai - MPCB",19.175,72.9419
"Mundka, Delhi - DPCC",28.684678,77.076574
"Municipal Corporation Office, Dharuhera - HSPCB",28.2068,76.7997
"Muradpur, Patna - BSPCB",25.619651,85.147382
"Murthal, Sonipat - HSPCB",29.0272,77.0621
"Muzaffarpur Collectorate, Muzaffarpur - BSPCB",26.1209,85.3647
"NISE Gwal Pahari, Gurugram - IMD",28.422681,77.148944
"NSI Kalyanpur, Kanpur - UPPCB",26.509954,80.249612
"NSIT Dwarka, Delhi - CPCB",28.60909,77.0325413
"Nacharam_TSIIC IALA, Hyderabad - TSPCB",17.429398,78.569354
"Nagar Nigam, Prayagraj - UPPCB",25.44919916,81.82735986
"Nagla Bhau, Firozabad - UPPCB",27.168897,78.37696
"Naharlagun, Naharlagun - APSPCB",27.103358,93.679645
"Najafgarh, Delhi - DPCC",28.570173,76.933762
"Narela, Delhi - DPCC",28.822836,77.101981
"Nathu Colony, Ballabgarh - HSPCB",28.3419248,77.319699
"Naubad, Bidar - KSPCB",17.930306,77.482194
"Navy Nagar-Colaba, Mumbai - IITM",18.897756,72.81332
"Nawapara SECL Colony, Chhal - CECB",22.118125,83.140608
"Nayapura, Kota - RSPCB",25.196024,75.855668
"Nehru Nagar, Delhi - DPCC",28.56789,77.250515
"Nehru Nagar, Kanpur - UPPCB",26.4703136,80.3229863
"Nerul, Navi Mumbai - MPCB",19.008751,73.01662
"New Collectorate, Baghpat - UPPCB",28.974801,77.213357
"New Colony, Bundi - RSPCB",25.435774,75.644272
"New DM Office, Arrah - BSPCB",25.5626095,84.663264
"New Industrial Town, Faridabad - HSPCB",28.39072,77.30059
"New Malakpet, Hyderabad - TSPCB",17.37206,78.50864
"New Mandi, Muzaffarnagar - UPPCB",29.4723508,77.7194031
"New Moti Bagh, Delhi - MHUA",28.57834,77.184
"Nishant Ganj, Lucknow - UPPCB",26.871428,80.957145
"North Campus, DU, Delhi - IMD",28.6573814,77.1585447
"OMC Colony, Suakati - OSPCB",21.606865,85.510538
"OP Jindal Industrial Park, Tumidih - CECB",22.06631475,83.33820077
"OP Jindal School, Kunjemura - CECB",22.12665,83.483212
"Okhla Phase-2, Delhi - DPCC",28.530785,77.271255
"Old City, Sri Ganganagar - RSPCB",29.931624,73.864511
"Old MIDC, Jalna - MPCB",19.854616,75.905894
"Omex Eternity, Vrindavan - UPPCB",27.571409,77.655757
"Opp GPO Civil Lines, Nagpur - MPCB",21.152875,79.0517531
"PCBL Residential Complex, Durgapur - WBPCB",23.508764,87.35444
"PSG College of Arts and Science, Coimbatore - TNPCB",11.0328,77.0349
"PWD Grounds, Vijayawada - APPCB",16.507014,80.627767
"PWD Juction, Kohima - NPCB",25.6635413,94.0989878
"Padmapukur, Howrah - WBPCB",22.5687319,88.2797276
"Palayam, Kozhikode - Kerala PCB",11.249077,75.784371
"Pallavpuram Phase 2, Meerut - UPPCB",29.06351,77.709723
"Pan Bazaar, Guwahati - PCBA",26.1875,91.744194
"Panchal Nagar, Gadag - KSPCB",15.411456,75.638133
"Panchawati_Pashan, Pune - IITM",18.536457,73.805454
"Pandav Nagari, Nashik - MPCB",19.9591346,73.7788008
"Park Street Wakad, Pimpri Chinchwad - MPCB",18.59051,73.77946
"Paryavaran Parisar, Bhopal - MPPCB",23.210494,77.425409
"Patia, Bhubaneswar - OSPCB",20.34652,85.8163
"Patparganj, Delhi - DPCC",28.623763,77.287209
"Patti Mehar, Ambala - HSPCB",30.379589,76.778328
"Peenya, Bengaluru - CPCB",13.0270199,77.494094
"Perungudi, Chennai - TNPCB",12.9533,80.2357
"Phase-1 GIDC, Vapi - GPCB",20.362421,72.918013
"Phase-4 GIDC, Vatva - GPCB",22.969611,72.6435
"Phool Bagh, Gwalior - Mondelez Ind. Food",26.210536,78.171
"Pimpleshwar Mandir, Thane - MPCB",19.192056,72.9585188
"Plammoodu, Thiruvananthapuram - Kerala PCB",8.5149093,76.9435879
"Polayathode, Kollam - Kerala PCB",8.8787,76.6073
"Police Commissionerate, Jaipur - RSPCB",26.9164092,75.7994901
"Police Line, Saharsa - BSPCB",25.892357,86.590325
"Police Lines, Jind - HSPCB",29.307814,76.337619
"Powai, Mumbai - MPCB",19.1375,72.915056
"Prabhat Colony, Jalgaon - MPCB",21.001264,75.565602
"Pragati Nagar, Pratapgarh - RSPCB",24.041198,74.780702
"Pratap Nagar, Bhilwara - RSPCB",25.339605,74.618883
"Priyambada Housing Estate, Haldia - WBPCB",22.06047,88.109737
"Punjab Agricultural University, Ludhiana - PPCB",30.9028,75.8086
"Punjabi Bagh, Delhi - DPCC",28.674045,77.131023
"Pusa, Delhi - DPCC",28.639652,77.146275
"Pusa, Delhi - IMD",28.63611,77.173332
"R K Puram, Delhi - DPCC",28.563262,77.186937
"RIICO Ind. Area III, Bhiwadi - RSPCB",28.194909,76.862296
"RIICO Sitapura, Jaipur - RSPCB",26.786682,75.827928
"RIMT University, Mandi Gobindgarh - PPCB",30.649961,76.331442
"RVCE-Mailasandra, Bengaluru - KSPCB",12.921418,77.502466
"Rabindra Bharati University, Kolkata - WBPCB",22.627847,88.380669
"Rabindra Sarobar, Kolkata - WBPCB",22.51106,88.35142
"Rachnakar Colony, Aurangabad - MPCB",19.863756,75.321188
"Radhakishan Pura, Sikar - RSPCB",27.608912,75.153302
"Raghunathpali, Rourkela - OSPCB",22.220833,84.809444
"Raikhad, Ahmedabad - IITM",23.020509,72.579261
"Railway Colony, Barmer - RSPCB",25.747299,71.393989
"Railway Colony, Guwahati - PCBA",26.181742,91.78063
"Raja Ganj, Dholpur - RSPCB",26.699557,77.898881
"Rajbagh, Srinagar - JKSPCB",34.066206,74.81982
"Rajbansi Nagar, Patna - BSPCB",25.599486,85.113666
"Rajendra Nagar, Bareilly - UPPCB",28.38910936,79.42963708
"Rajiv Gandhi Park, Vijayawada - APPCB",16.509717,80.612222
"Rajiv Nagar, Vijayawada - APPCB",16.554731,80.64911
"Rajlaxmi Nagar, Jhalawar - RSPCB",24.588397,76.172782
"Rakhial, Ahmedabad - IITM",23.016834,72.625775
"Ram Nagar, Nagpur - MPCB",21.143383,79.048912
"Ramachandrapuram, Hyderabad - TSPCB",17.528544,78.286195
"Ramdaspeth, Akola - MPCB",20.719516,77.000253
"Rampur, Korba - CECB",22.368195,82.746431
"Ramteerth Nagar, Belgaum - KSPCB",15.888653,74.541751
"Ratandeep Housing Society, Solapur - MPCB",17.65439,75.90649
"Ratanpura, Rupnagar - Ambuja Cements",31.0325454,76.5623046
"Rati Talai, Banswara - RSPCB",23.55519,74.44001
"Regional Park, Indore - IMC",22.678,75.8559
"Residency Area, Indore - IMC",22.7084,75.8815
"Revenue Colony-Shivajinagar, Pune - IITM",18.530085,73.849598
"Rishi Nagar, Kaithal - HSPCB",29.8006,76.4155
"Rohini, Delhi - DPCC",28.732528,77.11992
"Rohta, Agra - UPPCB",27.106972,78.000111
"Royapuram, Chennai - TNPCB",13.1036,80.2909
"SAC ISRO Bopal, Ahmedabad - IITM",23.041137,72.456691
"SAC ISRO Satellite, Ahmedabad - IITM",23.023389,72.515201
"SDM Office_Khagra, Kishanganj - BSPCB",26.0881305,87.93840336
"SFTI Kusdihra, Gaya - BSPCB",24.762518,84.982348
"SIDCO Kurichi, Coimbatore - TNPCB",10.942451,76.978996
"SIPCOT Phase-1, Hosur - TNPCB",12.746998,77.813811
"SVPI Airport Hansol, Ahmedabad - IITM",23.076793,72.627874
"SVSPA Campus, Barrackpore - WBPCB",22.7605581,88.3617589
"Sadar Bazar, Jaisalmer - RSPCB",26.912329,70.909168
"Sahilara, Maihar - KJS Cements",24.2613009,80.7231783
"Sahu Nagar, Sawai Madhopur - RSPCB",26.031443,76.359327
"Samanpura, Patna - BSPCB",25.596727,85.085624
"Samrat Ashok Udhyan, Jodhpur - RSPCB",26.253384,72.976571
"Sanathnagar, Hyderabad - TSPCB",17.4559458,78.4332152
"Sanegurava Halli, Bengaluru - KSPCB",12.990328,77.5431385
"Sanjay Nagar, Ghaziabad - UPPCB",28.685382,77.453839
"Sanjay Palace, Agra - UPPCB",27.19865833,78.00598056
"Sanpada, Navi Mumbai - MPCB",19.0575752,73.0151367
"Sardar Patel Inter College, Baghpat - UPPCB",28.964949,77.278761
"Sardar Patel Nagar, Dhanbad - JSPCB",23.80569,86.44268
"Sardar Vallabhbhai Patel Stadium, Ahmedabad - IITM",23.04307,72.562968
"Satyawati Vihar, Karauli - RSPCB",26.506177,77.025989
"Savitribai Phule Pune University, Pune - MPCB",18.547056,73.826908
"Sawe Wadi, Latur - MPCB",18.39963,76.57452
"Science Center, Surat - SMC",21.170046,72.795405
"Secretariat, Amaravati - APPCB",16.5150833,80.5181667
"Sector - 125, Noida - UPPCB",28.5447608,77.3231257
"Sector - 62, Noida - IMD",28.6245479,77.3577104
"Sector 11, Faridabad - HSPCB",28.376058,77.315741
"Sector 22, Chandigarh - CPCC",30.735567,76.775714
"Sector 30, Faridabad - HSPCB",28.4417,77.3217
"Sector- 16A, Faridabad - HSPCB",28.4088421,77.3099081
"Sector-1, Noida - UPPCB",28.5898,77.3101
"Sector-10, Gandhinagar - GPCB",23.221714,72.654328
"Sector-116, Noida - UPPCB",28.56923,77.393848
"Sector-12, Karnal - HSPCB",29.6953,77.0027
"Sector-18, Panipat - HSPCB",29.432304,76.972765
"Sector-19A Nerul, Navi Mumbai - IITM",19.044,73.0325
"Sector-2 IMT, Manesar - HSPCB",28.360699,76.93609
"Sector-2 Industrial Area, Pithampur - MPPCB",22.624758,75.675238
"Sector-2 Murlipura, Jaipur - RSPCB",26.960669,75.771817
"Sector-2, Rourkela - OSPCB",22.245,84.88111111
"Sector-25, Chandigarh - CPCC",30.751462,76.762879
"Sector-2E Kalamboli, Navi Mumbai - MPCB",19.02579,73.10297
"Sector-3B Avas Vikas Colony, Agra - UPPCB",27.19412,77.96237
"Sector-51, Gurugram - HSPCB",28.4227,77.0667
"Sector-53, Chandigarh - CPCC",30.719859,76.738637
"Sector-6, Panchkula - HSPCB",30.7057778,76.8531805555555
"Sector-7, Kurukshetra - HSPCB",29.966942,76.875879
"Sector-D Industrial Area, Mandideep - MPPCB",23.10844,77.511428
"Semmandalam, Cuddalore - TNPCB",11.7637683,79.7499835
"Sewri, Mumbai - BMC",19.000084,72.85673
"Shadipur, Delhi - CPCB",28.6514781,77.1473105
"Shahjahan Garden, Agra - UPPCB",27.169338,78.03582
"Shasthri Nagar, Ratlam - IPCA Lab",23.331731,75.045981
"Shastri Nagar, Chittorgarh - RSPCB",24.892047,74.623527
"Shastri Nagar, Jaipur - RSPCB",26.9502929,75.730943
"Shastri Nagar, Narnaul - HSPCB",28.060249,76.113115
"Shastri Nagar, Tonk - RSPCB",26.159933,75.780517
"Shastripuram, Agra - UPPCB",27.19862,77.92066
"Shivaji Nagar, Jhansi - UPPCB",25.4547,78.6039
"Shivaji Nagar, Mumbai - BMC",19.060498,72.923356
"Shivaji Nagar, Rishikesh - UKPCB",30.075911,78.2859547
"Shivaji University, Kolhapur - MPCB",16.6870449,74.2505872
"Shivapura_Peenya, Bengaluru - KSPCB",13.0246342,77.5080115
"Shivneri Colony, Amravati - MPCB",20.9402359,77.7895248
"Shri Shivaji Science College, Amaravati - MPCB",20.939198,77.765701
"Shrinath Puram, Kota - RSPCB",25.14389,75.821256
"Shrivastav Colony, Damoh - MPPCB",23.81748678,79.446246
"Shyam Nagar, Palwal - HSPCB",28.1485564,77.3320667
"Siddharth Nagar-Worli, Mumbai - IITM",19.000083,72.813993
"Sidhi Vinayak Nagar, Ulhasnagar - MPCB",19.235581,73.159121
"Sidhu Kanhu Indoor Stadium, Durgapur - WBPCB",23.5404352,87.2892225
"Sikulpuikawn, Aizawl - Mizoram PCB",23.7176342,92.7192841
"Silk Board, Bengaluru - KSPCB",12.917348,77.622813
"Siltara Phase-II, Raipur - CECB",21.371751,81.664929
"Sinchan Bhavan, Kolhapur - MPCB",16.7143745,74.2426398
"Sion, Mumbai - MPCB",19.047,72.8746
"Sirifort, Delhi - CPCB",28.5504249,77.2159377
"Sneh Nagar, Nanded - MPCB",19.173852,77.296291
"Solapur, Solapur - MPCB",17.6599188,75.9063906
"Somajiguda, Hyderabad - TSPCB",17.417094,78.457437
"Sona College of Technology, Salem - TNPCB",11.679111,78.125052
"Sonia Vihar, Delhi - DPCC",28.710508,77.249485
"Sri Aurobindo Marg, Delhi - DPCC",28.531346,77.190156
"St Joseph College, Tiruchirappalli - TNPCB",10.830158,78.691849
"Stuart Hill, Madikeri - KSPCB",12.415911,75.73505
"Subash Chowk, Churu - RSPCB",28.296139,74.961696
"Suhagi, Jabalpur - JMC",23.218135,79.95777
"Suryakiran Bhawan NCL, Singrauli - MPPCB",24.10897,82.64558
"T T Nagar, Bhopal - MPPCB",23.233584,77.400574
"Talcher Coalfields,Talcher - OSPCB",20.9360711,85.1707021
"Talkatora District Industries Center, Lucknow - CPCB",26.83399722,80.8917361
"Tamaka Ind. Area, Kolar - KSPCB",13.1276288,78.1570122
"Tarakpur, Ahmednagar - MPCB",19.10122,74.73339
"Tarapur, Silchar - PCBA",24.82827,92.79525
"Tata Stadium, Jorapokhar - JSPCB",23.707909,86.41467
"Tata Township, Bileipada - OSPCB",22.06156703,85.47409613
"Teri Gram, Gurugram - HSPCB",28.4275,77.1465
"Thavakkara, Kannur - Kerala PCB",11.875,75.3732
"Thergaon, Pimpri Chinchwad - MPCB",18.616318,73.765797
"Thimmalapura, Tumakuru - KSPCB",13.377516,77.099072
"Tirumala, Tirupati - APPCB",13.67,79.35
"Tondare-Taloja, Navi Mumbai - MPCB",19.063,73.1209
"Town Hall - Lal Bagh, Darbhanga - BSPCB",26.15146,85.89342
"Town Hall, Munger - BSPCB",25.376776,86.471523
"Transport Nagar, Moradabad - UPPCB",28.802625,78.753728
"Transport Nagar-Nigdi, Pune - IITM",18.664282,73.763966
"Trivenidevi Bhalotia College, Asansol - WBPCB",23.616515,87.119133
"Udyogamandal, Eloor - Kerala PCB",10.073232,76.302765
"Upvan Fort, Thane - MPCB",19.222279,72.957979
"Urban Estate-II, Hisar - HSPCB",29.14056,75.744941
"Urban, Chamarajanagar - KSPCB",11.55358,76.55521
"Urja Nagar, Korba - CECB",22.348441,82.549611
"Vaikuntapuram, Tirupati - APPCB",13.615387,79.40923
"Vasai West, Mumbai - MPCB",19.3832,72.8204
"Vasanthapuram, Vellore - TNPCB",12.909494,79.131861
"Vasundhara Nagar_UIT, Bhiwadi - RSPCB",28.207266,76.829265
"Vasundhara, Ghaziabad - UPPCB",28.6603346,77.3572563
"Vedhaynath Colony, Sirohi - RSPCB",24.885261,72.857549
"Velachery Res. Area, Chennai - CPCB",13.0052189,80.2398125
"Vibhab Nagar, Firozabad - UPPCB",27.1594,78.3953
"Victoria, Kolkata - WBPCB",22.5448082,88.3403691
"Vidayagiri, Bagalkot - KSPCB",16.172806,75.659694
"Vijay Nagar Scheme-78, Indore - Glenmark",22.76726,75.8871
"Vijay Nagar, Ramanagara - KSPCB",12.733409,77.298051
"Vijay Nagar, Sangli - MPCB",16.5038,74.3623
"Vikas Sadan, Gurugram - HSPCB",28.4501238,77.0263051
"Vile Parle West, Mumbai - MPCB",19.10861,72.83622
"Vinoba Nagara, Shivamogga - KSPCB",13.94,75.555917
"Vivek Vihar, Delhi - DPCC",28.672342,77.31526
"Vyttila, Kochi - Kerala PCB",9.969447,76.321186
"Ward-32 Bapupara, Siliguri - WBPCB",26.6879226,88.4152495
"Wazirpur, Delhi - DPCC",28.699793,77.165453
"Worli, Mumbai - MPCB",18.9936162,72.8128113
"Yamunapuram, Bulandshahr - UPPCB",28.406963,77.849831
"Yerramukkapalli, Kadapa - APPCB",14.465052,78.824187
"Zero Point GICI, Gangtok - SSPCB",27.33853,88.614099
"Zoo Park, Hyderabad - TSPCB",17.349694,78.451437
