location_id,sensor_id,name,lat,lon,first,last
13,13866,"Delhi Technological University, Delhi - CPCB",28.744,77.12,2016-11-02,2018-02-22
15,28,IGI Airport,28.56,77.094,,
16,32,Civil Lines,28.6787,77.2262,,
17,36,"R K Puram, Delhi - DPCC",28.563262,77.186937,2016-02-05,2018-02-21
50,400,"Punjabi Bagh, Delhi - DPCC",28.674045,77.131023,2016-02-05,2018-02-21
103,13863,"Income Tax Office, Delhi - CPCB",28.623499999999996,77.2494,2016-11-02,2018-02-22
235,382,"Anand Vihar, New Delhi - DPCC",28.646835,77.316032,2016-02-05,2018-02-21
236,389,"Mandir Marg, Delhi - DPCC",28.6341,77.2005,2016-02-05,2018-02-21
286,565,Collectorate - Gaya - BSPCB,24.7489694,84.9438395,2016-03-21,2018-02-22
301,5409,"Vikas Sadan, Gurugram - HSPCB",28.4501238,77.0263051,2016-03-25,2022-10-31
346,593,"MD University, Rohtak - HSPCB",28.876028,76.619464,2016-03-22,2018-02-22
354,606,"Lalbagh, DN Park",26.84578611,80.93874444,2016-03-21,2018-02-22
378,5374,Alandur Bus Depot,12.99711389,80.19151667,2016-03-28,2018-02-22
407,712,"Zoo Park, Hyderabad - TSPCB",17.349694,78.451437,2016-03-21,2022-10-31
412,1518,"Peenya, Bengaluru - KSPCB",13.0339,77.51321111,2016-03-22,2018-02-22
431,747,"IHBAS, Delhi - CPCB",28.6821,77.305,2016-05-19,2018-02-22
594,1427,"BTM Layout, Bengaluru - KSPCB",12.912811110000002,77.60921944,2016-03-22,2018-02-22
697,1205,"Haldia, Haldia - WBPCB",22.06047,88.109737,2016-03-22,2022-10-31
703,1226,Collectorate Jodhpur - RSPCB,26.2920639,73.0379111111111,2016-03-21,2018-02-22
716,5505,"Rabindra Bharati University, Kolkata - WBSPCB",22.627875,88.3804,2016-06-28,2017-10-28
797,1383,City Railway Station - KSPCB,12.9773472,77.5706972222222,2016-03-22,2018-02-22
854,1528,Chandrapur,19.95,79.3,2016-03-22,2018-02-22
860,15024,"Sanjay Palace, Agra - UPPCB",27.19865833,78.00598056,2018-03-09,2022-10-31
910,1670,Victoria Memorial - WBSPCB,22.572646,88.36389499999996,2016-06-25,2017-10-18
985,1782,Collectorate - Muzaffarpur - BSPCB,26.0762,85.4115,2016-03-19,2018-02-21
2345,4926,VK Industrial Area Jaipur - RSPCB,26.9738778,75.7738777777777,2016-03-21,2017-06-08
2456,5231,"Talkatora District Industries Center, Lucknow - CPCB",26.83399722,80.8917361,2016-03-21,2022-10-31
2463,4731,Central School,26.85272778,80.99632778,2016-03-21,2018-02-22
2503,4852,"Shadipur, Delhi - CPCB",28.651699999999998,77.1581,2016-03-21,2018-02-22
2549,5142,IIT,12.992513890000001,80.23744722,2016-03-22,2018-02-22
2583,5357,"Sector-6, Panchkula - HSPCB",30.7057778,76.8531805555555,2016-03-21,2022-10-31
2586,5340,"Manali, Chennai - CPCB",13.164544,80.26285,2016-03-21,2022-10-16
2587,5341,"Sector16A, Faridabad - HSPCB",28.410122219999998,77.313775,2016-03-22,2018-02-22
2589,5349,SaneguravaHalli - KSPCB,12.9916694,77.5458305555555,2016-03-21,2018-02-21
2591,5367,Ardhali Bazar,25.35055556,82.97833333,2016-03-22,2018-02-22
2592,5380,"BWSSB Kadabesanahalli, Bengaluru - KSPCB",12.93890556,77.69727222,2016-03-22,2018-02-22
2593,5386,IGSC Planetarium Complex - Patna - BSPCB,25.3636,85.0755,2016-03-21,2018-02-22
2595,5393,Nehru Nagar,26.470308800000005,80.3251749,2016-03-21,2018-02-22
2596,5402,"Solapur, Solapur - MPCB",17.6599188,75.9063906,2016-03-21,2022-10-31
5404,14084,"Pusa, Delhi - IMD",28.639645,77.146263,2017-09-15,2018-02-21
5443,14327,"Mahakaleshwar Temple, Ujjain - MPPCB",23.182719,75.768218,2017-11-20,2018-02-22
5509,14523,"Anand Vihar, Delhi - DPCC",28.647622000000002,77.315809,2018-03-09,2022-10-31
5540,14613,"Punjabi Bagh, Delhi - DPCC",28.6670856,77.1301247,2018-03-09,2018-05-12
5541,14936,"Burari Crossing, New Delhi - IMD",28.7256504,77.2011573,2018-03-09,2022-08-03
5542,15133,"Civil Line, Jalandhar - PPCB",31.321907,75.578914,2018-03-09,2022-10-31
5544,14852,"Model Town, Patiala - PPCB",30.349388,76.366642,2018-03-09,2022-10-31
5546,14633,Tata Stadium - Jorapokhar - JSPCB,23.707909,86.41467,2018-03-09,2022-10-15
5547,14636,"BWSSB Kadabesanahalli, Bengaluru - CPCB",12.9352049,77.6814488,2018-03-09,2022-08-02
5548,14639,"BTM Layout, Bengaluru - CPCB",12.9135218,77.5950804,2018-03-09,2022-10-16
5551,15067,"Golden Temple, Amritsar - PPCB",31.62,74.876512,2018-03-09,2022-10-31
5552,14668,"MD University, Rohtak - HSPCB",28.870083,76.6205,2018-03-09,2020-01-01
5558,14681,"Alandur Bus Depot, Chennai - CPCB",12.909916100000002,80.1076538,2018-03-09,2022-10-31
5559,14685,"Collectorate, Gaya - BSPCB",24.7955,84.9994,2018-03-09,2022-10-31
5565,14704,"MIDC Khutala, Chandrapur - MPCB",19.9775302,79.2337086,2018-03-09,2022-10-11
5566,14705,"Talcher Coalfields,Talcher - OSPCB",20.9360711,85.1707021,2018-03-09,2022-10-31
5569,14831,"Punjab Agricultural University, Ludhiana - PPCB",30.9028,75.8086,2018-03-09,2022-10-31
5570,15019,"Aya Nagar, New Delhi - IMD",28.474261,77.131606,2018-03-09,2022-10-31
5574,14773,"City Railway Station, Bengaluru - KSPCB",12.9756843,77.5660749,2018-03-09,2022-10-31
5576,15160,"Moti Doongri, Alwar - RSPCB",27.554793,76.611536,2018-03-10,2022-10-31
5581,14800,"Pusa, New Delhi - IMD",28.610304,77.0996943,2018-03-09,2018-05-14
5585,14768,"Ashok Nagar, Udaipur - RSPCB",24.5886166,73.6321397,2018-03-14,2022-10-31
5587,15212,"Collectorate, Jodhpur - RSPCB",26.268249,73.0193853,2018-03-09,2022-10-31
5590,14788,"Ardhali Bazar, Varanasi - UPPCB",25.3505986,82.9083074,2018-03-09,2022-10-31
5592,14798,"Gangapur Road, Nashik - MPCB",20.0073285,73.7762427,2018-03-09,2022-10-31
5593,14802,"Pimpleshwar Mandir, Thane - MPCB",19.192056,72.9585188,2018-03-09,2022-10-16
5594,15175,"Muzaffarpur Collectorate, Muzaffarpur - BSPCB",26.1209,85.3647,2018-03-09,2022-10-16
5596,14810,"Secretariat, Amaravati - APPCB",16.5150833,80.5181667,2018-03-09,2022-10-31
5599,14842,"Bollaram Industrial Area, Hyderabad - TSPCB",17.540891,78.358528,2018-03-09,2022-10-31
5601,15190,"Lajpat Nagar, Moradabad - UPPCB",28.825341,78.7213009,2018-03-09,2022-01-13
5602,14823,"Asansol Court Area, Asansol - WBPCB",23.685297,86.945968,2018-03-09,2022-10-31
5603,14836,"Sector-2 Industrial Area, Pithampur - MPPCB",22.624758,75.675238,2018-03-09,2022-10-31
5604,15139,"Nishant Ganj, Lucknow - UPPCB",26.871428,80.957145,2018-03-09,2019-08-21
5607,14850,"Peenya, Bengaluru - CPCB",13.0270199,77.494094,2018-03-09,2022-10-31
5608,14987,"GM Office, Brajrajnagar - OSPCB",21.8004996,83.8396977,2018-03-09,2022-10-14
5609,14871,"Anam Kala Kendram, Rajamahendravaram - APPCB",16.9872867,81.7363176,2018-03-09,2022-10-31
5610,14902,"North Campus, DU, Delhi - IMD",28.6573814,77.1585447,2018-03-09,2022-10-31
5611,15121,"Chandrapur, Chandrapur - MPCB",19.645324,77.6345232,2018-03-09,2022-10-31
5612,14873,"Shastri Nagar, Jaipur - RSPCB",26.9502929,75.730943,2018-03-09,2022-10-31
5613,14866,"ITO, New Delhi - CPCB",28.628624,77.24106,2018-03-09,2020-01-20
5614,14875,"Padmapukur, Howrah - WBPCB",22.5687319,88.2797276,2018-03-09,2022-10-31
5615,14900,"Sidhu Kanhu Indoor Stadium, Durgapur - WBPCB",23.5404352,87.2892225,2018-03-09,2022-10-31
5617,14887,"Sector- 16A, Faridabad - HSPCB",28.4088421,77.3099081,2018-03-09,2022-10-31
5619,14906,"Vindhyachal STPS, Singrauli - MPPCB",24.10897,82.64558,2018-03-09,2022-10-16
5621,14927,"Opp GPO Civil Lines, Nagpur - MPCB",21.152875,79.0517531,2018-03-09,2022-10-31
5622,14919,"NSIT Dwarka, Delhi - CPCB",28.60909,77.0325413,2018-03-09,2022-10-31
5623,14918,"Central University, Hyderabad - TSPCB",17.460103,78.334361,2018-03-09,2022-10-31
5624,15226,"IDA Pashamylaram, Hyderabad - TSPCB",17.5316895,78.218939,2018-03-09,2022-10-31
5625,15009,"RIMT University, Mandi Gobindgarh - PPCB",30.649961,76.331442,2018-03-09,2022-10-31
5626,14941,"DTU, New Delhi - CPCB",28.7500499,77.1112615,2018-03-09,2022-10-31
5627,15082,"CRRI Mathura Road, New Delhi - IMD",28.5512005,77.2735737,2018-03-09,2022-10-31
5628,14957,"GVM Corporation, Visakhapatnam - APPCB",17.722682,83.308197,2018-03-09,2022-10-31
5630,15053,"Shadipur, Delhi - CPCB",28.6514781,77.1473105,2018-03-09,2022-10-31
5631,14991,"Maninagar, Ahmedabad - GPCB",23.002657,72.591912,2018-03-09,2022-10-31
5632,14968,"Sector-D Industrial Area, Mandideep - MPPCB",23.10844,77.511428,2018-03-09,2022-10-31
5633,14977,"Police Commissionerate, Jaipur - RSPCB",26.9164092,75.7994901,2018-03-09,2022-10-31
5634,14980,"Lodhi Road, New Delhi - IMD",28.5918245,77.2273074,2018-03-09,2022-10-16
5635,15122,"Adarsh Nagar, Jaipur - RSPCB",26.902909,75.836858,2018-03-09,2022-10-31
5636,15000,"Shrinath Puram, Kota - RSPCB",25.14389,75.821256,2018-03-09,2022-10-31
5638,15018,"Indira Colony Vistar, Pali - RSPCB",25.771061,73.340227,2018-03-09,2022-10-31
5639,15030,"R K Puram, New Delhi - DPCC",28.5646102,77.1670103,2018-03-09,2018-05-06
5641,15025,"Mandir Marg, New Delhi - DPCC",28.6372688,77.2005604,2018-03-09,2018-05-10
5642,15090,"More Chowk Waluj, Aurangabad - MPCB",19.8389439,75.244448,2018-03-09,2022-10-31
5644,15035,"Sanegurava Halli, Bengaluru - KSPCB",12.990328,77.5431385,2018-03-09,2022-10-31
5645,15173,"ICRISAT Patancheru, Hyderabad - TSPCB",17.5184,78.278777,2018-03-10,2020-04-28
5646,15052,"Plammoodu, Thiruvananthapuram - Kerala PCB",8.5149093,76.9435879,2018-03-09,2022-10-31
5647,15051,"Sanathnagar, Hyderabad - TSPCB",17.4559458,78.4332152,2018-03-09,2022-10-31
5648,15070,"Ward-32 Bapupara, Siliguri - WBPCB",26.6883049,88.412668,2018-03-09,2022-10-31
5649,15120,"Tirumala, Tirupati - APPCB",13.67,79.35,2018-03-09,2022-10-31
5652,15085,"IGSC Planetarium Complex, Patna - BSPCB",25.5941,85.1376,2018-03-09,2022-10-31
5655,15117,"Velachery Res. Area, Chennai - CPCB",13.0052189,80.2398125,2018-03-09,2022-10-31
5657,15130,"Central School, Lucknow - CPCB",26.8821003,80.9302753,2018-03-09,2022-10-31
5659,15149,"Lalbagh, Lucknow - CPCB",26.8458805,80.9365541,2018-03-09,2022-10-31
5661,15158,"Karve Road Pune, Pune - MPCB",18.5011743,73.8165527,2018-03-09,2022-10-10
5662,15155,"Nehru Nagar, Kanpur - UPPCB",26.4703136,80.3229863,2018-03-09,2022-02-06
5664,15242,"PWD Grounds, Vijayawada - APPCB",16.507014,80.627767,2018-03-09,2020-11-19
5665,15236,"Vasundhara, Ghaziabad - UPPCB",28.6603346,77.3572563,2018-03-09,2022-10-31
5667,15253,"Bhopal Chauraha, Dewas - MPPCB",22.9682591,76.064118,2018-03-09,2022-10-31
5742,15498,"Patparganj, Delhi - DPCC",28.6310495,77.2846218,2018-04-16,2018-05-08
5743,15508,"Rohini, Delhi - DPCC",28.7407056,77.0577492,2018-04-27,2018-05-09
5744,15505,"Dr. Karni Singh Shooting Range, Delhi - DPCC",28.4997315,77.2649067,2018-04-27,2018-05-09
5745,15514,"Ghusuri, Howrah - WBPCB",22.5565568,87.895755,2018-05-09,2018-05-09
5753,15544,"Vivek Vihar, Delhi - DPCC",28.6687803,77.3130982,2018-04-16,2018-05-10
5754,15547,"Jawaharlal Nehru Stadium, Delhi - DPCC",28.5828503,77.2321778,2018-04-27,2018-05-10
5755,15574,"Major Dhyan Chand National Stadium, Delhi - DPCC",28.6125027,77.2351994,2018-04-26,2018-05-12
5759,15567,"Sonia Vihar, Delhi - DPCC",28.67795,77.29868,2018-04-16,2018-05-11
5760,15593,"Dwarka-Sector 8, Delhi - DPCC ",28.5206826,76.8023871,2018-04-16,2018-05-12
5761,15572,"Jahangirpuri, Delhi - DPCC",28.7258373,77.1605631,2018-04-16,2018-05-12
5762,15584,"Ashok Vihar, Delhi - DPCC",28.6957202,77.1812947,2018-05-01,2018-05-12
5763,15581,"Narela, Delhi - DPCC",28.8446874,77.0332666,2018-04-16,2018-05-12
5765,15600,"Okhla Phase-2, Delhi - DPCC",28.5366411,77.2664587,2018-04-26,2018-05-12
5766,15612,"Nehru Nagar, Delhi - DPCC",28.5639543,77.2587868,2018-04-16,2018-05-12
6310,17543,"Rabindra Bharati University, Kolkata - WBPCB",22.5824635,88.35724470000001,2018-11-06,2022-03-24
6314,17562,"NISE Gwal Pahari, Gurugram - IMD",28.4228859,76.8496963,2018-11-15,2018-11-16
6357,17771,"Punjabi Bagh, Delhi - DPCC",28.674045000000003,77.13102300000001,2018-08-10,2022-10-16
6358,17773,"Mandir Marg, New Delhi - DPCC",28.636429,77.201067,2018-08-10,2022-10-31
6359,17791,"IHBAS, Dilshad Garden,New Delhi - CPCB",28.6811736,77.3025234,2018-04-28,2022-10-31
6442,18099,"Ratanpura, Rupnagar - Ambuja Cements",31.0325454,76.5623046,2018-05-02,2022-10-31
6443,1950222,"Bandhavgar Colony, Satna - Birla Cement",24.58434363,80.8549414,2022-05-24,2022-10-31
6920,19868,"Manali Village, Chennai - TNPCB",11.258244,77.552429,2019-06-18,2019-07-19
6923,19880,"New Mandi, Muzaffarnagar - UPPCB",29.4723508,77.7194031,2018-08-10,2022-10-31
6924,19885,"Indirapuram, Ghaziabad - UPPCB",28.646233,77.358075,2019-04-27,2022-10-31
6927,19892,"Colaba, Mumbai - MPCB",18.91,72.82,2019-06-28,2022-10-31
6928,19893,"Vasai West, Mumbai - MPCB",19.3832,72.8204,2019-06-19,2022-10-31
6929,19902,"Major Dhyan Chand National Stadium, Delhi - DPCC",28.611281,77.237738,2018-08-10,2022-10-31
6930,19909,"Gobind Pura, Yamuna Nagar - HSPCB",30.1480566,77.2893471,2019-02-13,2022-10-31
6931,19956,"Dwarka-Sector 8, Delhi - DPCC",28.5710274,77.0719006,2018-08-10,2022-10-31
6932,19948,"Alipur, Delhi - DPCC",28.815329,77.15301,2018-12-15,2022-10-31
6933,19914,"Shasthri Nagar, Ratlam - IPCA Lab",23.331731,75.045981,2019-04-27,2022-10-31
6934,19930,"Dr. Karni Singh Shooting Range, Delhi - DPCC",28.498571,77.26484,2018-08-10,2022-10-31
6935,19921,"Urban Estate-II, Hisar - HSPCB",29.14056,75.744941,2019-02-13,2022-10-31
6936,19945,"Arya Nagar, Bahadurgarh - HSPCB",28.6701,76.9254,2019-02-13,2022-10-31
6937,19924,"Sector-10, Gandhinagar - GPCB",23.221714,72.654328,2019-02-13,2022-10-31
6938,19929,"Vivek Vihar, Delhi - DPCC",28.672342,77.31526,2018-12-15,2022-10-31
6939,20050,"Hardev Nagar, Bathinda - PPCB",30.233011,74.907758,2018-08-10,2022-10-31
6940,20132,"Kalal Majra, Khanna - PPCB",30.736056,76.209694,2018-04-19,2022-10-31
6941,20149,"Railway Colony, Guwahati - APCB",26.144499999999997,91.7362,2019-04-27,2019-12-24
6942,20140,"Phase-4 GIDC, Vatva - GPCB",22.969611,72.6435,2019-02-13,2022-10-31
6943,20069,"Mahape, Navi Mumbai - MPCB",19.1135051,73.008978,2019-06-27,2022-10-16
6944,19967,"H.B. Colony, Bhiwani - HSPCB",28.806223,76.141105,2019-02-13,2022-10-31
6945,20076,"Kurla, Mumbai - MPCB",19.0863,72.8888,2019-06-19,2022-10-31
6946,20004,"Belur Math, Howrah - WBPCB",22.629801,88.352017,2019-06-18,2022-10-31
6947,19984,"General Hospital, Mandikhera - HSPCB",27.9002,76.9938,2019-02-13,2022-10-31
6948,19977,"Chhatrapati Shivaji Intl. Airport (T2), Mumbai - MPCB",19.10078,72.87462,2019-06-18,2022-10-31
6949,20045,"Municipal Corporation Office, Dharuhera -  HSPCB",28.2068,76.7997,2019-02-13,2022-10-31
6950,19988,"Jadavpur, Kolkata - WBPCB",22.49929,88.36917,2019-06-18,2022-10-31
6951,20035,"Murthal, Sonipat - HSPCB",29.0272,77.0621,2019-02-13,2020-01-02
6952,20000,"F-Block, Sirsa - HSPCB",29.5364,75.0158,2019-02-13,2022-10-31
6953,20012,"Sector-2 IMT, Manesar - HSPCB",28.360699,76.93609,2019-01-02,2022-10-31
6954,20233,"Chikkaballapur Rural, Chikkaballapur - KSPCB",13.428828,77.731418,2018-08-10,2022-10-31
6955,20185,"Lal Bahadur Shastri Nagar, Kalaburagi - KSPCB",17.321993,76.822628,2018-08-14,2020-01-02
6956,20083,"Powai, Mumbai - MPCB",19.1375,72.915056,2019-06-18,2022-10-16
6957,20017,"Jawaharlal Nehru Stadium, Delhi - DPCC",28.58028,77.233829,2018-08-10,2022-10-31
6958,20027,"Sector-18, Panipat - HSPCB",29.435587,76.975531,2019-02-13,2022-10-31
6959,20030,"Siddharth Nagar-Worli, Mumbai - IITM",19.000083,72.813993,2019-06-20,2022-10-31
6960,20037,"Patparganj, Delhi - DPCC",28.623748,77.287205,2018-08-10,2022-10-31
6961,36569,"Shrivastav Colony, Damoh - MPPCB",23.81748678,79.446246,2019-02-13,2022-10-31
6963,20077,"Police Lines, Jind - HSPCB",29.307814,76.337619,2019-02-13,2022-10-31
6964,20059,"Patti Mehar, Ambala - HSPCB",30.379589,76.778328,2019-02-13,2022-10-31
6965,20081,"Borivali East, Mumbai - MPCB",19.227474,72.864394,2019-06-20,2022-10-31
6966,20088,"Udyogamandal, Eloor - Kerala PCB",10.073232,76.302765,2019-06-18,2022-10-31
6967,20107,"Sion, Mumbai - MPCB",19.047,72.8746,2019-06-27,2022-10-31
6968,20122,"Phase-1 GIDC, Vapi - GPCB",20.362421,72.918013,2019-04-27,2022-10-12
6969,20103,"Huda Sector, Fatehabad - HSPCB",29.503664,75.467934,2019-02-13,2022-10-16
6970,20131,"Shastri Nagar, Narnaul - HSPCB",28.060249,76.113115,2019-02-13,2022-10-31
6971,20117,"Rishi Nagar, Kaithal - HSPCB",29.8006,76.4155,2019-04-27,2019-08-07
6972,20145,"Nathu Colony, Ballabgarh - HSPCB",28.3419248,77.319699,2019-02-13,2022-10-31
6973,20175,"Jayanagar 5th Block, Bengaluru - KSPCB",12.920984,77.584908,2018-08-10,2022-10-31
6974,20169,"Bapuji Nagar, Bengaluru - KSPCB",12.951913,77.539784,2018-08-10,2022-10-31
6975,20154,"Silk Board, Bengaluru - KSPCB",12.917348,77.622813,2018-08-10,2022-10-31
6976,20204,"Jai Bhim Nagar, Meerut - UPPCB",28.9535882,77.7622941,2019-07-03,2022-10-31
6978,20177,"Knowledge Park - III, Greater Noida - UPPCB",28.47272,77.482,2018-08-10,2022-10-31
6979,20183,"New Collectorate, Baghpat - UPPCB",28.974801000000003,77.21335699999999,2018-08-10,2022-01-31
6980,20187,"Sector-1, Noida - UPPCB",28.589247,77.321962,2019-06-28,2022-10-16
6981,20226,"Fort William, Kolkata - WBPCB",22.55664,88.342674,2019-06-18,2022-10-31
6983,20196,"Hombegowda Nagar, Bengaluru - KSPCB",12.938539,77.5901,2018-08-10,2022-10-16
6984,20222,"Hebbal, Bengaluru - KSPCB",13.029152,77.585901,2018-08-10,2022-10-31
6985,20219,"Yamunapuram, Bulandshahr - UPPCB",28.406963,77.849831,2018-08-10,2022-10-31
6986,20232,"Knowledge Park - V, Greater Noida - UPPCB",28.557054,77.453663,2019-06-28,2022-10-31
6987,20239,"Vile Parle West, Mumbai - MPCB",19.10861,72.83622,2019-06-18,2022-10-31
7005,20294,"Loni, Ghaziabad - UPPCB",28.757294,77.278792,2019-04-27,2022-10-31
7044,20409,"R K Puram, Delhi - DPCC",28.563262000000005,77.186937,2018-08-10,2022-10-31
7140,36690,"Gomti Nagar, Lucknow - UPPCB",26.86812,81.005119,2019-08-07,2022-10-16
7280,20949,"Shyam Nagar, Palwal - HSPCB",28.1485564,77.3320667,2019-02-13,2020-01-01
7281,20951,"Shyam Nagar, Palwal - HSPCB",28.1485564,77.3320667,2020-01-01,2022-10-31
7282,20956,"Sector-7, Kurukshetra - HSPCB",29.966942,76.875879,2019-02-13,2022-10-31
7283,20967,"MD University, Rohtak - HSPCB",28.87793,76.620825,2020-01-01,2022-10-31
7289,20998,"Hebbal 1st Stage, Mysuru - KSPCB",12.21041,76.37376,2019-07-29,2020-01-03
7292,21008,"Chhoti Gwaltoli, Indore - MPPCB",22.431,75.5213,2019-09-23,2020-01-06
7299,21033,"Gole Bazar, Katni - MPPCB",23.833778,80.39122199999998,2019-09-23,2020-01-07
7434,21624,"East Arjun Nagar, Delhi - CPCB",28.655601699999995,77.2859318,2018-08-10,2020-02-10
7494,21738,"SFTI Kusdihra, Gaya - BSPCB",24.762518,84.982348,2020-03-02,2022-10-16
7495,21730,"DRM Office Danapur, Patna - BSPCB",25.586562,85.043586,2020-03-02,2022-10-16
7583,22014,"ICRISAT Patancheru, Hyderabad - TSPCB",17.305178,78.162863,2020-04-28,2020-04-28
7720,25457,"Pallavpuram Phase 2, Meerut - UPPCB",29.06351,77.709723,2019-10-14,2022-10-16
7752,36667,"Khadakpada, Kalyan - MPCB",19.25292,73.142019,2019-07-11,2022-10-31
7777,36191,"Lal Bahadur Shastri Nagar, Kalaburagi - KSPCB",17.321993,76.822628,2020-01-06,2022-07-27
7833,36532,"Ganga Nagar, Meerut - UPPCB",28.999264,77.7590354,2019-10-14,2022-10-16
7850,36453,"Bandra, Mumbai - MPCB",19.0627,72.84614,2020-01-09,2021-11-19
7880,22851,"Sikulpuikawn, Aizawl - Mizoram PCB",23.7176342,92.7192841,2020-03-19,2022-10-16
7901,22896,"Corporation Ground, Thrissur- Kerala PCB",10.522198,76.24085,2020-10-12,2022-10-16
7979,36503,"Deen Dayal Nagar, Sagar - MPPCB",23.8640158,78.80289321,2020-02-03,2022-10-16
8035,23299,"Ibrahimpur, Vijayapura - KSPCB",16.802639,75.722694,2020-01-20,2022-10-16
8092,23669,"East Arjun Nagar, Delhi - CPCB",28.655935,77.294904,2020-02-29,2022-01-26
8153,23740,"Urban, Chamarajanagar - KSPCB",11.55358,76.55521,2020-01-03,2022-10-31
8171,23775,"GIDC, Nandesari - Nandesari Ind. Association",22.410802,73.097923,2020-02-26,2022-10-16
8190,23900,"Kariavattom, Thiruvananthapuram - Kerala PCB",8.5637,76.8865,2020-02-17,2022-10-16
8235,23994,"Jahangirpuri, Delhi - DPCC",28.73282,77.170633,2018-08-10,2022-10-31
8239,24008,"Okhla Phase-2, Delhi - DPCC",28.530785,77.271255,2018-08-22,2022-10-31
8245,36558,"Gole Bazar, Katni - MPPCB",23.50016,80.23284,2020-01-07,2022-10-16
8319,36673,"Anand Vihar, Hapur - UPPCB",28.725645,77.749675,2018-10-23,2022-10-31
8365,24303,"Nehru Nagar, Delhi - DPCC",28.56789,77.250515,2018-08-10,2022-10-31
8472,36394,"Bawana, Delhi - DPCC",28.7762,77.051074,2018-08-10,2022-10-31
8475,35047,"Sonia Vihar, Delhi - DPCC",28.710508,77.249485,2018-08-10,2022-10-31
8915,34732,"Wazirpur, Delhi - DPCC",28.699793,77.165453,2018-12-15,2022-10-31
8916,26030,"Vyttila, Kochi - Kerala PCB",9.969447,76.321186,2020-02-05,2022-10-16
8917,34768,"Ashok Vihar, Delhi - DPCC",28.695381,77.181665,2018-12-15,2022-10-31
10484,34758,"Sri Aurobindo Marg, Delhi - DPCC",28.531346,77.190156,2018-12-15,2022-10-31
10485,34760,"Narela, Delhi - DPCC",28.822836,77.101981,2018-08-10,2022-10-31
10486,34764,"Mundka, Delhi - DPCC",28.684678,77.076574,2018-12-15,2022-10-31
10487,34784,"Anand Vihar, Delhi - DPCC",28.646835,77.316032,2018-08-13,2021-09-20
10488,34778,"Najafgarh, Delhi - DPCC",28.570173,76.933762,2018-12-15,2022-10-31
10489,34821,"ITO, Delhi - CPCB",28.628624,77.24106,2020-01-20,2022-10-31
10537,35472,"Vidayagiri, Bagalkot - KSPCB",16.172806,75.659694,2020-02-11,2022-10-16
10545,34994,"Civil Lines, Ajmer - RSPCB",26.470859,74.646594,2018-04-16,2022-10-31
10599,35204,"Rajbansi Nagar, Patna - BSPCB",25.599486,85.113666,2019-12-26,2022-10-16
10609,35247,"Hebbal 1st Stage, Mysuru - KSPCB",12.210409999999998,76.37376,2020-01-03,2022-10-31
10630,35350,"Govt. High School Shikarpur, Patna - BSPCB",25.592539,85.227158,2020-03-31,2022-10-16
10633,35353,"Victoria, Kolkata - WBPCB",22.5448082,88.3403691,2018-04-15,2022-10-31
10645,35427,"Industrial Area, Hajipur - BSPCB",25.697189,85.2459,2020-03-02,2022-10-16
10670,35526,"Muradpur, Patna - BSPCB",25.619651,85.147382,2019-12-26,2022-10-16
10695,35653,"Ratanpura, Rupnagar - Ambuja Cements",30.032545399999997,76.5623046,2020-01-30,2021-11-23
10697,35631,"Samanpura, Patna - BSPCB",25.596727,85.085624,2019-12-26,2022-10-16
10725,35757,"Mini Secretariat, Charkhi Dadri - HSPCB",28.593883,76.270653,2020-04-23,2022-10-16
10747,36149,"Thavakkara, Kannur - Kerala PCB",11.875,75.3732,2020-02-11,2022-10-16
10780,36023,"Manali Village, Chennai - TNPCB",13.1662,80.2584,2019-07-19,2022-10-31
10823,36173,"Buddha Colony, Muzaffarpur - BSPCB",26.11442,85.39813,2020-08-24,2022-10-16
10825,36178,"Sector-51, Gurugram - HSPCB",28.4227,77.0667,2020-03-11,2022-10-16
10831,36209,"Rohini, Delhi - DPCC",28.732528,77.11992,2018-08-10,2022-10-31
10844,36358,"Ghusuri, Howrah - WBPCB",22.611968,88.347422,2018-05-11,2022-10-16
10851,36320,"Bidhannagar, Kolkata - WBPCB",22.58157048,88.41002457,2020-01-02,2022-10-16
10895,36679,"Lumpyngngad, Shillong - Meghalaya PCB",25.5586,91.8985,2019-09-17,2022-10-16
10896,36694,"Chhoti Gwaltoli, Indore - MPPCB",22.431,75.5213,2020-01-06,2022-10-16
10897,36692,"ICRISAT Patancheru, Hyderabad - TSPCB",17.5184,78.278777,2020-04-28,2022-10-31
10898,36681,"Palayam, Kozhikode - Kerala PCB",11.249077,75.78437099999998,2020-02-05,2022-10-16
10900,36535,"Teri Gram, Gurugram - HSPCB",28.4275,77.1465,2020-03-30,2022-10-16
10901,36541,"PWD Juction, Kohima - NPCB",25.6635413,94.0989878,2020-09-03,2022-10-16
10902,36571,"Kalyana Nagara, Chikkamagaluru - KSPCB",13.328028,75.797056,2020-02-03,2022-10-16
10903,36550,"Railway Colony, Guwahati - APCB",26.181742,91.78063,2019-12-24,2022-10-31
10904,36551,"Rabindra Sarobar, Kolkata - WBPCB",22.51106,88.35142,2019-08-09,2022-10-31
10905,36577,"Rishi Nagar, Kaithal - HSPCB",29.8006,76.4155,2019-08-07,2022-10-31
10906,36567,"Murthal, Sonipat - HSPCB",29.027199999999997,77.0621,2020-01-02,2022-10-16
10907,36574,"City Center, Gwalior - MPPCB",26.203442,78.193251,2020-02-04,2022-10-16
10908,36560,"Sector 11, Faridabad - HSPCB",28.376058,77.315741,2020-03-11,2022-10-16
10909,36586,"Vijay Nagar, Ramanagara - KSPCB",12.733409,77.298051,2019-09-23,2022-10-31
10910,36587,"Sector-12, Karnal - HSPCB",29.6953,77.0027,2019-02-13,2022-10-31
10911,36600,"Marhatal, Jabalpur - MPPCB",23.168606,79.932247,2019-09-23,2022-10-16
10912,1292565,"Phool Bagh, Gwalior - Mondelez Ind. Food",26.210536,78.171,2021-03-18,2022-09-14
10913,36613,"T T Nagar, Bhopal - MPPCB",23.233584,77.400574,2019-09-23,2022-10-16
10915,36643,"Polayathode, Kollam - Kerala PCB",8.8787,76.6073,2020-03-03,2022-10-16
10916,36631,"Kacheripady, Ernakulam - Kerala PCB",9.985653,76.281342,2020-02-05,2022-10-16
10917,36628,"Sahilara, Maihar - KJS Cements",24.2613009,80.7231783,2019-02-11,2022-10-31
10918,36648,"Ballygunge, Kolkata - WBPCB",22.5367507,88.3638022,2020-01-02,2022-10-16
10919,36645,"Sanjay Nagar, Ghaziabad - UPPCB",28.685382,77.453839,2019-04-27,2022-10-31
10921,36702,"NISE Gwal Pahari, Gurugram - IMD",28.422681,77.148944,2018-11-16,2022-10-14
11577,39317,"Vinoba Nagara, Shivamogga - KSPCB",13.94,75.555917,2020-11-08,2022-10-16
11578,39323,"Royapuram, Chennai - TNPCB",13.1036,80.2909,2020-11-08,2022-10-16
11579,39328,"Kodungaiyur, Chennai - TNPCB",13.1278,80.2642,2020-11-08,2022-10-16
11580,39403,"Meelavittan, Thoothukudi - TNPCB",8.816428,78.099039,2020-11-12,2022-10-16
11581,39337,"Arumbakkam, Chennai - TNPCB",13.0664,80.2112,2020-11-08,2022-10-16
11582,39340,"Stuart Hill, Madikeri - KSPCB",12.415911,75.73505,2020-11-08,2022-10-16
11583,39346,"Kunjaban, Agartala - Tripura SPCB",23.8628276,91.2887362,2020-11-08,2022-10-16
11602,39406,"Bandra Kurla Complex, Mumbai - IITM",19.053536000000005,72.84643,2020-11-13,2022-10-16
11603,39412,"Chandni Chowk, Delhi - IITM",28.656756,77.227234,2020-11-13,2022-08-02
11604,39418,"Deonar, Mumbai - IITM",19.04946,72.923,2020-11-13,2022-10-16
11606,39430,"Borivali East, Mumbai - IITM",19.23241,72.86895,2020-11-13,2022-07-08
11607,39435,"Lodhi Road, Delhi - IITM",28.588333,77.221667,2020-11-13,2022-08-02
11608,39441,"Bhosari, Pune - IITM",18.640051,73.848956,2020-11-13,2022-07-07
11609,39446,"Mhada Colony, Pune - IITM",18.57304,73.927715,2020-11-13,2022-10-16
11611,39456,"Malad West, Mumbai - IITM",19.19709,72.82204,2020-11-13,2022-10-16
11612,39462,"Sector-19A Nerul, Navi Mumbai - IITM",19.044,73.03250000000001,2020-11-13,2022-10-16
11613,39468,"Revenue Colony-Shivajinagar, Pune - IITM",18.530085,73.849598,2020-11-13,2022-07-07
12024,40574,"Chakala-Andheri East, Mumbai - IITM",19.11074,72.86084,2020-12-08,2022-10-16
12039,40639,"Khindipada-Bhandup West, Mumbai - IITM",19.164394,72.928297,2020-12-16,2022-09-22
12040,40612,"Mulund West, Mumbai - MPCB",19.175,72.9419,2020-12-16,2022-10-16
12041,40631,"Diwator Nagar, Koppal - KSPCB",15.34763,76.181767,2020-12-16,2022-10-16
12042,40651,"Alandi, Pune - IITM",18.675076,73.892743,2020-12-16,2022-07-21
12043,40610,"Haji Colony, Raichur - KSPCB",16.208139,77.348417,2020-12-16,2022-10-16
12044,40624,"Kandivali East, Mumbai - MPCB",19.2058,72.8682,2020-12-16,2022-10-16
42240,227039,"Pan Bazaar, Guwahati - APCB",26.1875,91.744194,2020-12-28,2022-10-16
44513,245752,"Kadri, Mangalore - KSPCB",12.88925,74.853,2021-01-04,2022-10-31
44514,245754,"Naubad, Bidar - KSPCB",17.930306,77.482194,2021-01-04,2022-10-16
44515,245745,"Panchal Nagar, Gadag - KSPCB",15.411456,75.638133,2021-01-04,2022-10-15
45008,250817,"Anthoni Pillai Nagar, Gummidipoondi - TNPCB",13.4127,80.1081,2021-01-05,2022-10-16
60656,389748,"Tamaka Ind. Area, Kolar - KSPCB",13.1276288,78.1570122,2021-01-12,2022-10-31
60657,389766,"Devaraj Urs Badavane, Davanagere - KSPCB",14.4758,75.9052,2021-01-12,2022-10-16
60658,389753,"Hadapsar, Pune - IITM",18.501793,73.927532,2021-01-12,2022-06-22
60659,389756,"Jawahar Nagar, Puducherry - PPCC",11.9309,79.8027,2021-01-12,2022-10-16
60660,389769,"MIT-Kothrud, Pune - IITM",18.517754,73.8214883,2021-01-12,2022-07-11
60661,389767,"Siddharth Nagar-Worli, Mumbai - IITM",19.000083,72.813993,2021-01-12,2022-10-16
220265,1186324,"Rajbagh, Srinagar - JKSPCB",34.06621,74.81982,2021-02-09,2022-10-16
220353,1289784,"Brahmagiri, Udupi - KSPCB",13.34194,74.74694,2021-02-10,2022-10-15
223145,1294207,"B.Katihalli, Hassan - KSPCB",13.008556,76.12525800000002,2021-03-26,2022-10-16
223146,1294208,"Naharlagun, Naharlagun - APSPCB",27.103358,93.679645,2021-03-26,2022-10-15
227384,1311827,"Jhunsi, Prayagraj - UPPCB",25.425601999999998,81.917152,2021-06-02,2022-10-16
227386,1311816,"B R Ambedkar University, Lucknow - UPPCB",26.766433000000003,80.927299,2021-06-02,2022-10-16
227387,1311822,"Motilal Nehru NIT, Prayagraj - UPPCB",25.494,81.863,2021-06-02,2022-10-31
227533,1312466,"Rakhial, Ahmedabad - IITM",23.016834,72.625775,2021-06-04,2022-07-13
227534,1312469,"Gyaspur, Ahmedabad - IITM",22.977134,72.553024,2021-06-04,2022-07-07
227535,1312461,"Manoharpur, Agra - UPPCB",27.237109999999998,78.01935999999999,2021-06-04,2022-10-31
227536,1312463,"Chandkheda, Ahmedabad - IITM",23.107969,72.574648,2021-06-04,2022-10-16
227931,1314235,"Sector-3B Avas Vikas Colony, Agra - UPPCB",27.19412,77.96236999999999,2021-06-12,2022-10-16
228297,1315792,"SVPI Airport Hansol, Ahmedabad - IITM",23.076793,72.627874,2021-06-18,2022-07-07
228298,1315782,"Sardar Vallabhbhai Patel Stadium, Ahmedabad - IITM",23.04307,72.56296800000001,2021-06-18,2022-07-08
228299,1315789,"GIFT City, Gandhinagar - IITM",23.163798,72.677768,2021-06-18,2022-07-07
228300,1315779,"SAC ISRO Satellite, Ahmedabad - IITM",23.023389,72.515201,2021-06-18,2022-07-07
228301,1315788,"IIPHG Lekawada, Gandhinagar - IITM",23.243639,72.68994,2021-06-18,2022-07-22
228303,1315786,"SAC ISRO Bopal, Ahmedabad - IITM",23.041137,72.456691,2021-06-18,2022-06-22
228352,1316051,"Shastripuram, Agra - UPPCB",27.198620000000002,77.92066,2021-06-20,2022-10-16
228397,1316312,"IESD Banaras Hindu University, Varanasi - UPPCB",25.262326,82.995408,2021-06-21,2022-10-16
228403,1316349,"Bhelupur, Varanasi - UPPCB",25.301778,82.996789,2021-06-22,2022-10-16
228840,1318586,"Madan Mohan Malaviya University of Technology, Gorakhpur - UPPCB",26.730136,83.433859,2021-06-30,2022-10-31
229195,1320303,"Maldahiya, Varanasi - UPPCB",25.323929999999997,82.99687,2021-07-08,2022-10-31
229252,1320644,"NSI Kalyanpur, Kanpur - UPPCB",26.509953999999997,80.249612,2021-07-09,2022-10-31
229404,1321497,"Kukrail Picnic Spot-1, Lucknow - UPPCB",26.90723,80.98579000000001,2021-07-12,2022-10-16
229728,1323086,"Kamalnath Nagar, Bettiah - BSPCB",26.80365,84.51954,2021-07-17,2022-10-16
229729,1323076,"Nagla Bhau, Firozabad - UPPCB",27.168896999999998,78.37696,2021-07-17,2022-10-31
229730,1323087,"Town Hall - Lal Bagh, Darbhanga - BSPCB",26.151459999999997,85.89342,2021-07-17,2022-10-31
229731,1323071,"Gandak Colony, Motihari - BSPCB",26.63086,84.90051,2021-07-17,2022-10-16
229985,1324459,"D M Colony, Bihar Sharif - BSPCB",25.204762,85.51496,2021-07-22,2022-10-31
229987,1324467,"MIT-Daudpur Kothi, Muzaffarpur - BSPCB",26.1403345,85.3650192,2021-07-22,2022-10-16
233414,1342950,"Omex Eternity, Vrindavan - UPPCB",27.571409000000003,77.655757,2021-08-25,2022-10-31
233415,1342954,"Sector 22, Chandigarh - CPCC",30.735567,76.77571400000001,2021-08-25,2022-10-31
233416,1342938,"Nagar Nigam, Prayagraj - UPPCB",25.44919916,81.82735986,2021-08-25,2022-10-31
234568,1349386,"FTI Kidwai Nagar, Kanpur - UPPCB",26.428282,80.327067,2021-09-03,2022-10-31
234997,1351506,"Dharmapuri, Agra - UPPCB",27.169338,78.03582,2021-09-07,2022-10-31
236406,1358850,"Mangala, Bilaspur - CECB",22.08815,82.13736999999999,2021-09-22,2022-10-31
270697,1561912,"Employment Office, Moradabad - UPPCB",28.885279999999998,78.7388,2021-11-10,2022-10-31
270703,1561940,"Dada Peer, Sasaram - BSPCB",24.952822,84.00239599999999,2021-11-12,2022-10-31
270704,1561935,"Town Hall, Munger - BSPCB",25.376776,86.471523,2021-11-12,2022-10-31
270708,1561952,"Civic Center, Bhilai - Bhilai Steel Plant",21.185571,81.343175,2021-11-16,2022-10-12
270720,1561998,"Mirchaibari, Katihar - BSPCB",25.560083,87.553265,2021-11-22,2022-10-16
270721,1562004,"Mayaganj, Bhagalpur - BSPCB",25.265194,87.012947,2021-11-22,2022-10-31
270722,1561996,"Central Jail, Buxar - BSPCB",25.555605,83.950942,2021-11-22,2022-10-31
270723,1562040,"DM Office_Kachari Chowk, Bhagalpur - BSPCB",25.251013,86.989001,2021-11-22,2022-10-31
270724,1561988,"Kareemganj, Gaya - BSPCB",24.792403,84.992416,2021-11-22,2022-10-31
270725,1562008,"Mariam Nagar, Purnia - BSPCB",25.765657,87.466829,2021-11-22,2022-10-31
270726,1562014,"Chitragupta Nagar, Siwan - BSPCB",26.2271665,84.35704270000001,2021-11-22,2022-10-31
270727,1562027,"SDM Office_Khagra, Kishanganj - BSPCB",26.0881305,87.93840336,2021-11-22,2022-10-31
270728,1562033,"Police Line, Saharsa - BSPCB",25.892357,86.590325,2021-11-22,2022-10-16
270729,1562031,"Darshan Nagar, Chhapra - BSPCB",25.780825699999998,84.7446768,2021-11-22,2022-10-31
270730,1562049,"Dangi Tola, Rajgir - BSPCB",25.0328,85.41948000000001,2021-11-23,2022-10-16
270737,1562136,"Forest Rest House, Manguraha - BSPCB",27.307773,84.529114,2021-12-03,2022-10-16
270771,1562184,"Buddhi Vihar, Moradabad - UPPCB",28.835259999999998,78.7446,2021-12-10,2022-10-16
270774,1562211,"New DM Office, Arrah - BSPCB",25.5626095,84.663264,2021-12-16,2022-10-31
270775,1562215,"Kharahiya Basti, Araria - BSPCB",26.146529,87.454184,2021-12-16,2022-10-31
270777,1562225,"Jigar Colony, Moradabad - UPPCB",28.856664000000002,78.772638,2021-12-18,2022-10-31
270877,1562627,"Eco Herbal Park, Moradabad - UPPCB",28.840739000000003,78.69753100000001,2022-01-20,2022-10-31
278159,1583419,"Rohta, Agra - UPPCB",27.106972,78.000111,2022-01-28,2022-10-31
278418,1584285,"Sector-53, Chandigarh - CPCC",30.719859000000003,76.738637,2022-01-31,2022-10-31
278671,1585298,"Shivaji Nagar, Jhansi - UPPCB",25.4547,78.6039,2022-02-04,2022-10-31
301387,1713361,"Raikhad, Ahmedabad - IITM",23.020509,72.579261,2022-03-24,2022-07-07
301388,1719189,"Sardar Patel Inter College, Baghpat - UPPCB",28.964949,77.278761,2022-03-25,2022-10-31
301389,1713364,"HIMUDA Complex Phase-1, Baddi - HPPCB",30.943887,76.801991,2022-03-24,2022-10-31
301390,1713368,"Bardowali, Agartala - Tripura SPCB",23.8175497,91.2726974,2022-03-24,2022-10-31
301391,1713359,"DM Office_Kasipur, Samastipur - BSPCB",25.859655,85.77944000000001,2022-03-24,2022-10-31
301670,1715373,"Collector Office, Yadgir - KSPCB",16.7602,77.1428,2022-03-24,2022-03-24
304956,1731282,"Gurdeo Nagar, Aurangabad - BSPCB",24.757460000000002,84.366208,2022-03-30,2022-10-31
306252,1738038,"DRCC Anandpur, Begusarai - BSPCB",25.444266,86.140169,2022-04-04,2022-10-31
307463,1744314,"Zero Point GICI, Gangtok - SSPCB",27.338529999999995,88.614099,2022-04-06,2022-10-31
309803,1757425,"Ashwini Nagar, Haveri - KSPCB",14.7918,75.38959999999999,2022-04-11,2022-10-16
313410,1776520,"DM College of Science, Imphal - Manipur PCB",24.8207389,93.94230849999998,2022-04-18,2022-10-31
313411,1776525,"JN Stadium, Shillong - Meghalaya PCB",25.5803419,91.8942571,2022-04-18,2022-10-15
313923,1779956,"Manipur University, Imphal - Manipur PCB",24.7524239,93.92862179999999,2022-04-19,2022-10-15
317035,1799320,"Doon University, Dehradun - UKPCB",30.269444,78.044167,2022-04-22,2022-10-16
330021,1877852,"Vibhab Nagar, Firozabad - UPPCB",27.1594,78.3953,2022-05-04,2022-10-31
344103,1960403,"ECIL Kapra, Hyderabad - TSPCB",17.470431,78.566959,2022-05-26,2022-10-16
344104,1960398,"Kompally Municipal Office, Hyderabad - TSPCB",17.544898999999997,78.486949,2022-05-26,2022-10-31
344140,1960586,"Somajiguda, Hyderabad - TSPCB",17.417094,78.457437,2022-05-26,2022-10-16
344142,1960613,"Nacharam_TSIIC IALA, Hyderabad - TSPCB",17.429398,78.569354,2022-05-26,2022-10-31
344144,1960589,"IITH Kandi, Hyderabad - TSPCB",17.585704999999997,78.126199,2022-05-26,2022-10-31
346257,1970971,"Ramachandrapuram, Hyderabad - TSPCB",17.528544,78.28619499999999,2022-06-02,2022-10-31
346258,1970969,"Kokapet, Hyderabad - TSPCB",17.393559,78.33919399999999,2022-06-02,2022-10-31
346438,1971909,"Rajendra Nagar, Bareilly - UPPCB",28.38910936,79.42963708,2022-06-02,2022-10-31
346439,1971910,"Kalindi Kunj, Khurja - UPPCB",28.234892699999996,77.8683002,2022-06-02,2022-10-31
352465,2002328,"New Malakpet, Hyderabad - TSPCB",17.37206,78.50864,2022-06-16,2022-10-31
352777,2003323,"Kashiram Nagar, Moradabad - UPPCB",28.849399,78.742362,2022-06-20,2022-10-31
353715,2007702,"Transport Nagar, Moradabad - UPPCB",28.802625,78.75372800000001,2022-07-04,2022-10-31
358448,2028392,"Kumaran College, Tirupur - TNPCB",11.0973603,77.3228673,2022-09-13,2022-10-16
358450,2028415,"Bombay Castel, Ooty - TNPCB",11.4068288,76.7138973,2022-09-13,2022-10-15
358451,2028424,"Vasanthapuram, Vellore - TNPCB",12.909494,79.131861,2022-09-13,2022-10-31
358452,2028445,"Chalai Bazaar, Ramanathapuram - TNPCB",9.36399,78.831977,2022-09-13,2022-10-31
358453,2028397,"Mendonsa Colony, Dindigul - TNPCB",10.358535,77.984321,2022-09-13,2022-10-16
358454,2028409,"SIPCOT Phase-1, Hosur - TNPCB",12.746998,77.813811,2022-09-13,2022-10-31
358455,2028435,"Sona College of Technology, Salem - TNPCB",11.679111,78.125052,2022-09-13,2022-10-03
358456,2028399,"Gulzarpet, Anantapur - APPCB",14.675885999999998,77.593027,2022-09-13,2022-10-31
358457,2028425,"PSG College of Arts and Science, Coimbatore - TNPCB",11.0328,77.0349,2022-09-13,2022-10-31
358467,2028490,"Civil Lines, Bareilly - UPPCB",28.359581,79.414455,2022-09-13,2022-10-31
358627,2029324,"Crescent University, Chengalpattu - TNPCB",12.877731599999999,80.08348070000001,2022-09-15,2022-10-14
358665,2029499,"Ramteerth Nagar, Belgaum - KSPCB",15.888653,74.541751,2022-09-15,2022-10-31
361378,2042811,"Paryavaran Parisar, Bhopal - MPPCB",23.210494,77.425409,2022-09-19,2022-10-31
361411,2042937,"IITG, Guwahati - PCBA",26.2028636,91.70046436,2022-09-19,2022-10-16
363601,2053703,"Girls College, Sivasagar - PCBA",26.987634000000003,94.636574,2022-09-29,2022-10-31
